{
  "sum": 4713010,
  "min": 100,
  "max": 58700,
  "average": 13621.416184971098,
  "deviation": 14752.989822000867
}