{
  "sum": 2564.1999999999966,
  "min": 0.1,
  "max": 5.0,
  "average": 2.5667667667667633,
  "deviation": 57746.031548133986
}