{
  "sum": 256201.26999999987,
  "min": 2.37,
  "max": 992.96,
  "avg": 512.40254,
  "stdev": 274.06796451847305
}