{"sum": 246365.0, "avr": 558.6507936507936, "sumMD": 26184.0, "avrMD": 1246.857142857143, "sumSD": 0.0, "avrSD": 0.0, "max": 996.0, "min": 100.0}