{"sum": 246365.0, "avr": 558.6507936507936, "sumMD": 12618.0, "avrMD": 600.8571428571429, "sumSD": 10970.0, "avrSD": 522.3809523809524, "max": 996.0, "min": 100.0}