{
  "sum": 11042,
  "min": 2,
  "max": 16,
  "average": 8.977235772357723,
  "deviation": 4.2966580510701835
}