{
  "sum": 1469328099,
  "min": 1346,
  "max": 998971,
  "avg": 507890.8050466644,
  "stdev": 289017.05916538305
}