{"AREA NAME": {"Central": 0.06745372815147437, "77th Street": 0.06298478604745972, "Pacific": 0.05848008287032677, "Southwest": 0.056099587436419796, "Hollywood": 0.05292162007197512, "Southeast": 0.050876086689609384, "Olympic": 0.05044099363333695, "Newton": 0.050169209477638005, "N Hollywood": 0.04978537395950178, "Wilshire": 0.04756937946193889, "Rampart": 0.04691375978810372, "West LA": 0.04591483381233304, "Northeast": 0.043162423217995925, "Van Nuys": 0.04237448757362311, "West Valley": 0.04179635022487755, "Harbor": 0.0412706624500388, "Topanga": 0.040674644564734096, "Devonshire": 0.040435045374841605, "Mission": 0.039846179704160566, "Hollenbeck": 0.03751217366530735, "Foothill": 0.03331859182430346}, "Vict Sex": {"M": 0.47496931403481313, "F": 0.42388370362437633, "X": 0.101020668748095, "H": 0.00012494061888168535, "-": 1.3729738338646742e-06}, "Vict Descent": {"H": 0.35306684533829075, "W": 0.23439666748130675, "B": 0.16379895048727378, "X": 0.1115141596346751, "O": 0.09127355705730032, "A": 0.02525750407091213, "K": 0.00616197424821992, "F": 0.00479722326721934, "C": 0.004452603049682977, "J": 0.00158992116297653, "V": 0.0011945003556041289, "I": 0.0010791692867871785, "Z": 0.0005725363773412893, "P": 0.0003089225057596885, "U": 0.00022928914871941323, "D": 8.787129052720028e-05, "G": 8.237933486925027e-05, "L": 7.002243463886273e-05, "S": 6.31574900664252e-05, "-": 2.7459778289750087e-06}, "Weapon Used Cd": {"400.0": 0.5358783273082961, "500.0": 0.10656962765611801, "511.0": 0.07336067115608894, "102.0": 0.06179054758867407, "109.0": 0.02245965163086415, "200.0": 0.021166862181120485, "106.0": 0.020263961613045545, "207.0": 0.017993029881220694, "512.0": 0.011392279516127377, "307.0": 0.010089229832655588, "306.0": 0.008478373137340069, "312.0": 0.007616513504177625, "212.0": 0.007466030076165135, "308.0": 0.007048780571221412, "204.0": 0.006901717221118297, "304.0": 0.006563129508090194, "205.0": 0.005851753302940241, "114.0": 0.0058141324459371185, "201.0": 0.0052053585780684085, "302.0": 0.004360599334452838, "311.0": 0.004179335205255976, "113.0": 0.003765505778221628, "101.0": 0.0037005242979435073, "215.0": 0.0035979219606622637, "107.0": 0.0028899658334216854, "218.0": 0.002883125677602936, "515.0": 0.002794203651959192, "223.0": 0.0027360623274998203, "219.0": 0.0024761364063873377, "310.0": 0.002195690017818606, "506.0": 0.0021238683817217355, "301.0": 0.002072567213081114, "216.0": 0.002069147135171739, "103.0": 0.0015321949033998996, "305.0": 0.0013167299951092886, "513.0": 0.0012449083590124184, "221.0": 0.0010226032949030579, "211.0": 0.0010123430611749336, "309.0": 0.000974722204171811, "104.0": 0.0009644619704436867, "503.0": 0.0007660974516999498, "206.0": 0.000701115971421829, "303.0": 0.0006429746469624578, "501.0": 0.0005130116864062163, "112.0": 0.0005130116864062163, "514.0": 0.00046855067358434426, "510.0": 0.00043776997239997127, "217.0": 0.0004206695828530974, "210.0": 0.0003522680246656019, "122.0": 0.0003078070118437298, "203.0": 0.0002907066222968559, "505.0": 0.0002838664664781064, "115.0": 0.0002496656873843586, "504.0": 0.00021546490829061086, "214.0": 0.0002120448303812361, "208.0": 0.0001812641291968631, "507.0": 0.00017442397337811356, "110.0": 0.00016416373964998923, "516.0": 0.00016416373964998923, "509.0": 0.0001539035059218649, "111.0": 0.0001265428826468667, "213.0": 0.00011628264891874237, "202.0": 0.00010260233728124326, "105.0": 9.234210355311894e-05, "108.0": 8.892202564374417e-05, "502.0": 7.182163609687029e-05, "220.0": 6.840155818749552e-05, "209.0": 4.788109073124686e-05, "508.0": 4.4461012821872084e-05, "117.0": 4.4461012821872084e-05, "300.0": 4.1040934912497307e-05, "125.0": 3.420077909374776e-05, "118.0": 3.078070118437298e-05, "116.0": 2.7360623274998204e-05, "120.0": 1.0260233728124327e-05, "119.0": 6.840155818749551e-06, "123.0": 3.4200779093747755e-06, "121.0": 3.4200779093747755e-06, "124.0": 3.4200779093747755e-06}, "Status": {"IC": 0.8002028844881577, "AO": 0.10773261684036614, "AA": 0.08707225286416395, "JA": 0.003250681546451846, "JO": 0.0017367961177779023, "CC": 4.768143082437617e-06}}