{"TIME OCC": {"min": 1, "max": 2359, "mean": 1336.0377076675318, "sum": 1120803369.0, "std": 653.8730786040251}, "Vict Age": {"min": -3, "max": 120, "mean": 29.777581621669302, "sum": 24980443.0, "std": 21.787421708222126}}